"Range","Median","DI1_Upper","DI1_Lower","DI1_Range","DI2_Upper","DI2_Lower","DI2_Range","BSV_Min_Max","BSV_Range","WSV_90%Range","Info"
"<70",2.56523952,22.66742543,-15.1172888605,37.7847142905,"49.14576637","-28.1311969",77.27696327,"[-4.74 - 11.22]",15.9652485,26.978544145,"CG-DIVA v1.0"
"70-180",1.4089642103596,14.6272632699121,-10.7951755068553,25.4224387767674,"42.5178757149962","-48.5760209993379",91.0938967143341,"[-6.86 - 12.75]",19.6133066785247,28.3498003288618,"N_BS: 10000 Seed: 1"
">180",-0.944292697595446,15.0322980063993,-14.3710263354523,29.4033243418517,"37.0102139613745","-39.5538049782411",76.5640189396157,"[-9.87 - 10.67]",20.5466853291642,28.0946729578588,"Conf_Level: 0.95"
"Total",0.35401455617206,21.7138415404548,-17.847966622701,39.5618081631557,"-","-","-,"[-7.57 - 12.39]",19.9567208497617,33.3259863398279,NA
