"Range","TI_U2","TI_U1","Median","TI_L1","TI_L2","Info"
"<70","45.4948758937252",22.2530190089537,2.56523952,-13.4278327385091,"-26.7809041093278","N_BS: 10 Seed: 1"
"70-180","42.4781095905055",14.0313545707326,1.4089642103596,-11.253994494188,"-47.2862516708465","Conf_Level: 0.95"
">180","36.6140602020784",14.1753747112609,-0.944292697595446,-14.3714843442009,"-38.5962935508879",NA
"Total","-",20.6400150255963,0.35401455617206,-17.7114086666057,"-",NA
