Range,AR15,AR20,AR40,CP_CI15,CP_CI20,CP_CI40,WCC_CI15,WCC_ICC15,WCC_CI20,WCC_ICC20,WCC_CI40,WCC_ICC40,BCa_CI15,BCa_CI20,BCa_CI40,Info
<70,85.56149732620321,91.71122994652407,98.66310160427807,82.22838590661246,88.97722151507645,97.20970529293184,80.99168767442836,0.046705090327852326,88.50879535546832,0.017045632861699866,97.10283983644197,0.0,81.08108108108108,88.83116883116882,97.6063829787234,Seed: 1
70-180,83.61581920903954,91.58819836785939,98.556183301946,82.01334487587658,90.35511645814674,97.9606268559509,80.62890031228585,0.034706282234325744,90.26199239882044,0.001862677915765332,97.92361148474048,0.0007053374562230508,80.57858378045783,90.27603513174404,98.0,N_BS: 10000
>180,86.77281077770974,93.87630128597672,99.51010410287815,85.31407683186607,92.80966526909343,99.11780668904821,84.01854465196907,0.03439907166381347,92.51484245256856,0.008011607155952467,99.09375948438769,0.0,83.64696705303624,92.36408063530848,99.17797464348517,Conf_Level: 0.05
Total,82.75,90.69444444444444,98.52777777777779,81.68076017181717,89.85945050077886,98.15272140593645,80.31303872479121,0.026449753367384622,89.41202204327439,0.008468062544606497,98.14388142989232,0.0,80.08333333333333,89.36111111111111,98.22222222222223,
