Range,Median,DI1_Upper,DI1_Lower,DI1_Range,DI2_Upper,DI2_Lower,DI2_Range,BSV_Min_Max,BSV_Range,WSV_90%Range,Info
<70,2.5652395199999987,22.667425429999994,-15.15763369727352,37.82505912727351,49.145766370000004,-28.131196900000006,77.27696327000001,[-4.74 - 11.22],15.965248500000005,26.978544145000004,CG-DIVA v1.0
70-180,1.408964210359601,14.63156435943408,-10.853671668769937,25.485236028204017,42.51787571499619,-48.405150857349845,90.92302657234603,[-6.86 - 12.75],19.613306678524737,28.34980032886176,N_BS: 10000 Seed: 1
>180,-0.9442926975954464,15.039149790067643,-14.369264497385045,29.408414287452686,37.010213961374525,-41.11880506943951,78.12901903081404,[-9.87 - 10.67],20.54668532916422,28.094672957858826,Conf_Level: 0.95
Total,0.35401455617206046,21.763950076889287,-17.883821483335964,39.64777156022525,-,-,-,[-7.57 - 12.39],19.9567208497617,33.325986339827935,
