"Range","AR15","AR20","AR40","CP_CI15","CP_CI20","CP_CI40","WCC_CI15","WCC_ICC15","WCC_CI20","WCC_ICC20","WCC_CI40","WCC_ICC40","BCa_CI15","BCa_CI20","BCa_CI40","Info"
"<70",85.5614973262032,91.7112299465241,98.6631016042781,82.2283859066125,88.9772215150764,97.2097052929318,80.9916876744284,0.0467050903278523,88.5087953554684,0.0170456328616999,97.102839836442,0,81.0945273631841,88.8888888888889,97.5871313672922,"Seed: 1"
"70-180",83.6158192090395,91.5881983678594,98.556183301946,82.0133448758766,90.3551164581467,97.9606268559509,80.6289003122859,0.0347062822343257,90.2619923988204,0.00186267791576533,97.9236114847405,0.000705337456223051,80.6653136251256,90.3339406161024,97.9898476184488,"N_BS: 10000"
">180",86.7728107777097,93.8763012859767,99.5101041028781,85.3140768318661,92.8096652690934,99.1178066890482,84.0185446519691,0.0343990716638135,92.5148424525685,0.00801160715595503,99.0937594843877,0,83.6897667770486,92.35083554152,99.1844416562108,"Conf_Level: 0.05"
"Total",82.75,90.6944444444444,98.5277777777778,81.6807601718172,89.8594505007788,98.1527214059364,80.3130387247912,0.0264497533673846,89.4120220432744,0.0084680625446065,98.1438814298923,0,80.1944444444444,89.3611111111111,98.2222222222222,"Software: R version 4.1.2 (2021-11-01)"
